from,to,id
Lohuis,Timmerman,Lohuis
Todorova,Van de Vyver,Todorova
Timmerman,Lohuis,Timmerman
Kohn,Dornheim,Kohn
Kohn,Grundt,Kohn
Kohn,Berger,Kohn
Van de Vyver,Todorova,Van de Vyver
Nowicka,,Nowicka
Lee,Rivers,Lee
Dornheim,Kohn,Dornheim
Dornheim,Grundt,Dornheim
Dornheim,Berger,Dornheim
Palleres,,Palleres
Jasper,,Jasper
Rivers,Lee,Rivers
Berger,Kohn,Berger
Berger,Dornheim,Berger
Berger,Grundt,Berger
Koskelo,,Koskelo
Grundt,Berger,Grundt
Grundt,Kohn,Grundt
Grundt,Dornheim,Grundt
Papendal,Lohuis,Papendal
Papendal,Timmerman,Papendal
Cannes,Todorova,Cannes
Cannes,Van de Vyver,Cannes
Stuttgart,Kohn,Stuttgart
Stuttgart,Dornheim,Stuttgart
Stuttgart,Berger,Stuttgart
Stuttgart,Grundt,Stuttgart