id,from,to
Lohuis,Lohuis,Timmerman
Todorova,Todorova,Van de Vyver
Timmerman,Timmerman,Lohuis
Kohn,Kohn,Dornheim
Kohn,Kohn,Grundt
Kohn,Kohn,Berger
Van de Vyver,Van de Vyver,Todorova
Nowicka,Nowicka,
Lee,Lee,Rivers
Dornheim,Dornheim,Kohn
Dornheim,Dornheim,Grundt
Dornheim,Dornheim,Berger
Palleres,Palleres,
Jasper,Jasper,
Rivers,Rivers,Lee
Berger,Berger,Kohn
Berger,Berger,Dornheim
Berger,Berger,Grundt
Koskelo,Koskelo,
Grundt,Grundt,Berger
Grundt,Grundt,Kohn
Grundt,Grundt,Dornheim
Papendal,Papendal,Lohuis
Papendal,Papendal,Timmerman
Cannes,Cannes,Todorova
Cannes,Cannes,Van de Vyver
Stuttgart,Stuttgart,Kohn
Stuttgart,Stuttgart,Dornheim
Stuttgart,Stuttgart,Berger
Stuttgart,Stuttgart,Grundt